BlockingFactor,MemoryUsage,QueryTime,Pattern
500,118472,34200,ACG
500,132744,19600,TGCA
500,132664,22700,GATTACA
500,132664,31000,TTAGGC
500,129960,15700,ACG
500,129936,17100,TGCA
500,339672,41700,GATTACA
500,130016,51300,TTAGGC
500,126928,11000,ACG
500,126904,8700,TGCA
500,126904,9300,GATTACA
500,126904,8600,TTAGGC
500,126904,9300,ACG
500,126856,9200,TGCA
500,126856,9900,GATTACA
500,126856,8900,TTAGGC
500,130136,7200,ACG
500,130096,5300,TGCA
500,130096,9700,GATTACA
500,130096,9700,TTAGGC
500,126912,8500,ACG
500,126888,8800,TGCA
500,126888,8500,GATTACA
500,126888,8700,TTAGGC
500,130096,6100,ACG
500,130048,8900,TGCA
500,130040,9900,GATTACA
500,130040,9400,TTAGGC
500,127096,8000,ACG
500,127080,8600,TGCA
500,127080,9600,GATTACA
500,127080,9000,TTAGGC
500,130176,6100,ACG
500,130136,7100,TGCA
500,130136,8400,GATTACA
500,130136,14700,TTAGGC
500,127128,13300,ACG
500,127112,9600,TGCA
500,127112,14400,GATTACA
500,127112,7300,TTAGGC
500,129992,29700,ACG
500,129960,7100,TGCA
500,129960,9000,GATTACA
500,129960,6800,TTAGGC
500,127760,5500,ACG
500,127784,8800,TGCA
500,127776,10800,GATTACA
500,127776,8300,TTAGGC
500,130848,23400,ACG
500,130816,9600,TGCA
500,130816,11400,GATTACA
500,130816,9200,TTAGGC
500,128200,8000,ACG
500,128184,8600,TGCA
500,128176,9800,GATTACA
500,128184,10100,TTAGGC
500,128152,8800,ACG
500,128120,8500,TGCA
500,128120,10900,GATTACA
500,128120,9500,TTAGGC
500,128568,8300,ACG
500,128528,10400,TGCA
500,338256,11700,GATTACA
500,128712,10200,TTAGGC
500,131864,9600,ACG
500,131840,25300,TGCA
500,131840,11800,GATTACA
500,131840,12000,TTAGGC
500,128760,9400,ACG
500,128728,13300,TGCA
500,128720,11200,GATTACA
500,128720,15100,TTAGGC
500,128616,9700,ACG
500,128584,15400,TGCA
500,128576,11200,GATTACA
500,128576,10800,TTAGGC
500,131504,9200,ACG
500,131456,11000,TGCA
500,131456,12000,GATTACA
500,131456,11400,TTAGGC
500,128600,8400,ACG
500,128560,15800,TGCA
500,128552,11400,GATTACA
500,128560,12100,TTAGGC
500,128640,24900,ACG
500,128608,11200,TGCA
500,128608,10500,GATTACA
500,128608,10200,TTAGGC
500,128592,10000,ACG
500,128552,11700,TGCA
500,128552,12800,GATTACA
500,128552,12000,TTAGGC
500,128488,9200,ACG
500,128472,10600,TGCA
500,128472,22300,GATTACA
500,128472,12500,TTAGGC
500,128672,9100,ACG
500,128640,11300,TGCA
500,128624,12100,GATTACA
500,128624,11300,TTAGGC
500,128704,9500,ACG
500,128672,12300,TGCA
500,128664,13200,GATTACA
500,128664,12900,TTAGGC
500,128768,13500,ACG
500,128736,12600,TGCA
500,128728,13200,GATTACA
500,128728,11200,TTAGGC
500,128712,11100,ACG
500,128680,11900,TGCA
500,128672,16700,GATTACA
500,128672,14200,TTAGGC
500,131480,14400,ACG
500,131464,12000,TGCA
500,131456,12500,GATTACA
500,131456,12700,TTAGGC
500,128584,119600,ACG
500,128536,14300,TGCA
500,128528,25200,GATTACA
500,128528,14500,TTAGGC
500,128632,8400,ACG
500,128600,12300,TGCA
500,128600,17900,GATTACA
500,128600,13300,TTAGGC
500,128608,9200,ACG
500,128576,414700,TGCA
500,128576,13200,GATTACA
500,128576,16000,TTAGGC
500,128488,8900,ACG
500,128472,12900,TGCA
500,128472,14500,GATTACA
500,128472,13500,TTAGGC
500,128688,14100,ACG
500,128640,12500,TGCA
500,128632,13900,GATTACA
500,128632,89200,TTAGGC
500,129128,9500,ACG
500,129080,13700,TGCA
500,129080,15300,GATTACA
500,129080,13800,TTAGGC
500,129176,13700,ACG
500,129136,12400,TGCA
500,129136,13400,GATTACA
500,129136,14900,TTAGGC
500,129120,9200,ACG
500,129080,13800,TGCA
500,129080,14800,GATTACA
500,129728,16200,TTAGGC
500,132800,18400,ACG
500,132768,16500,TGCA
500,132768,14800,GATTACA
500,132768,13700,TTAGGC
500,129872,8300,ACG
500,129832,14100,TGCA
500,129832,147600,GATTACA
500,129832,14400,TTAGGC
500,129752,90500,ACG
500,129704,13300,TGCA
500,129704,16400,GATTACA
500,129704,17300,TTAGGC
500,129744,14100,ACG
500,129720,13800,TGCA
500,129720,15000,GATTACA
500,129720,12100,TTAGGC
500,132912,9800,ACG
500,132888,16200,TGCA
500,132888,17800,GATTACA
500,132888,14800,TTAGGC
500,129752,7500,ACG
500,129720,14700,TGCA
500,129720,14600,GATTACA
500,129720,15000,TTAGGC
500,132944,7400,ACG
500,132896,16200,TGCA
500,132896,17300,GATTACA
500,132896,17400,TTAGGC
500,129600,9200,ACG
500,129560,15900,TGCA
500,129560,15900,GATTACA
500,129560,15200,TTAGGC
500,132856,10600,ACG
500,132800,14600,TGCA
500,132792,17900,GATTACA
500,132792,15500,TTAGGC
500,129696,8800,ACG
500,129648,14800,TGCA
500,129640,14100,GATTACA
500,129640,15200,TTAGGC
500,132840,10800,ACG
500,132784,16900,TGCA
500,132784,16000,GATTACA
500,132784,21500,TTAGGC
500,132584,8400,ACG
500,132544,64100,TGCA
500,132536,15700,GATTACA
500,132536,16300,TTAGGC
500,129808,16800,ACG
500,129760,13900,TGCA
500,129752,18100,GATTACA
500,129752,18600,TTAGGC
500,129696,108000,ACG
500,129672,15700,TGCA
500,129664,29100,GATTACA
500,129664,15000,TTAGGC
500,132824,8600,ACG
500,132800,15300,TGCA
500,132792,15700,GATTACA
500,132792,16400,TTAGGC
500,129592,7800,ACG
500,129568,15900,TGCA
500,129568,137200,GATTACA
500,129568,16800,TTAGGC
500,132848,79500,ACG
500,132808,15800,TGCA
500,132808,19600,GATTACA
500,132808,26900,TTAGGC
500,129720,7500,ACG
500,129688,16200,TGCA
500,129680,17000,GATTACA
500,129680,16300,TTAGGC
500,129768,11000,ACG
500,129736,14700,TGCA
500,129736,16900,GATTACA
500,129736,14900,TTAGGC
500,129744,8200,ACG
500,129704,15100,TGCA
500,129704,16100,GATTACA
500,129704,31900,TTAGGC
500,132624,8300,ACG
500,132576,17100,TGCA
500,132576,18300,GATTACA
500,132576,56400,TTAGGC
500,129728,33700,ACG
500,129688,6800,TGCA
500,129688,7000,GATTACA
500,129688,7100,TTAGGC
500,129744,3800,ACG
500,129696,7300,TGCA
500,129696,5500,GATTACA
500,129696,6400,TTAGGC
500,129736,5600,ACG
500,129704,698900,TGCA
500,129704,5400,GATTACA
500,129704,5700,TTAGGC
500,129672,4100,ACG
500,129640,7600,TGCA
500,129640,6500,GATTACA
500,129640,6600,TTAGGC
500,132608,3900,ACG
500,132568,6500,TGCA
500,132568,6800,GATTACA
500,132568,5800,TTAGGC
500,129712,3800,ACG
500,129696,6800,TGCA
500,129688,6100,GATTACA
500,129688,5300,TTAGGC
500,129744,3100,ACG
500,129696,5900,TGCA
500,129696,4500,GATTACA
500,129696,5200,TTAGGC
500,129800,3500,ACG
500,129744,7300,TGCA
500,129744,5900,GATTACA
500,129744,6300,TTAGGC
500,132536,4700,ACG
500,132496,7700,TGCA
500,132496,6400,GATTACA
500,132496,7500,TTAGGC
500,129728,4500,ACG
500,129688,6300,TGCA
500,129680,6200,GATTACA
500,129680,6500,TTAGGC
500,132752,4200,ACG
500,132720,6400,TGCA
500,132712,6900,GATTACA
500,132712,7700,TTAGGC
500,129560,5700,ACG
500,129536,5900,TGCA
500,129536,6000,GATTACA
500,129536,5900,TTAGGC
500,129848,3500,ACG
500,129832,6900,TGCA
500,129824,7700,GATTACA
500,129824,6000,TTAGGC
500,132752,3700,ACG
500,132712,6100,TGCA
500,132712,6600,GATTACA
500,132712,6000,TTAGGC
500,129728,8800,ACG
500,129696,6700,TGCA
500,129696,5600,GATTACA
500,129696,6200,TTAGGC
500,129664,4100,ACG
500,129616,7600,TGCA
500,129616,7500,GATTACA
500,129616,6300,TTAGGC
500,132704,4000,ACG
500,132648,6900,TGCA
500,132648,6500,GATTACA
500,132648,5900,TTAGGC
500,129712,4200,ACG
500,129640,6100,TGCA
500,129640,7100,GATTACA
500,129640,6100,TTAGGC
500,129632,3700,ACG
500,129584,7500,TGCA
500,129584,6100,GATTACA
500,129584,6600,TTAGGC
500,129680,4100,ACG
500,129624,12200,TGCA
500,129624,5800,GATTACA
500,129624,6400,TTAGGC
500,132616,4100,ACG
500,132568,7800,TGCA
500,132568,6400,GATTACA
500,132568,4900,TTAGGC
500,129488,4300,ACG
500,129472,7500,TGCA
500,129472,7600,GATTACA
500,129472,6700,TTAGGC
500,132576,5900,ACG
500,132544,6700,TGCA
500,132536,6000,GATTACA
500,132536,6000,TTAGGC
500,129544,3900,ACG
500,129504,7700,TGCA
500,129496,6300,GATTACA
500,129504,21600,TTAGGC
500,129680,4100,ACG
500,129624,6500,TGCA
500,129624,5800,GATTACA
500,129624,7400,TTAGGC
500,133088,4100,ACG
500,133056,7700,TGCA
500,133056,9400,GATTACA
500,133056,8200,TTAGGC
500,132952,4600,ACG
500,132920,10000,TGCA
500,132912,7000,GATTACA
500,132912,7800,TTAGGC
500,129448,4600,ACG
500,129416,5900,TGCA
500,129416,8100,GATTACA
500,129416,7300,TTAGGC
500,132536,5000,ACG
500,132520,7200,TGCA
500,132520,6300,